{
    "Dataset Name": "Preprocessed Financial Data",
    "Creation Date": "2024-12-31",
    "Source": "User-uploaded financial dataset",
    "Format": "CSV",
    "Description": "Processed financial data for data mining and analysis.",
    "Schema": {
        "Datetime": "datetime64[ns]",
        "Kategori Transaksi": "string",
        "Status Pembayaran": "string",
        "Biaya": "float",
        "Jumlah Respon": "int",
        "ROI": "float",
        "Denda (Rp)": "float",
        "Emisi Karbon (ton CO2e)": "float",
        "Penggunaan Energi (MWh)": "float",
        "Keanekaragaman Karyawan (%)": "float",
        "Jumlah": "float"
    }
}